Channel,Title,Views,Likes,Comments,Engagement Rate (%),Published Date,URL
Dashing Joy,Indian Beauties in Wet Kurtis #viral #shorts #woman #cute #pretty #ai #trending,11555,85,1,0.74,2025-08-25,https://www.youtube.com/watch?v=feFtvNFxiYI
Lovepreet Kaur,#plain suit lace design #fashion #shorts #diy #sewing #designer #suit #viralshorts #ytshorts  #laces,23838,427,3,1.8,2025-08-25,https://www.youtube.com/watch?v=BywuSoYx3zE
Ambica Wedding Mall,Elegant Pattu Saree 7661999722 | Free courier | COD | www.ambicaweddingmall,2417,22,1,0.95,2025-08-25,https://www.youtube.com/watch?v=P-O9TCh2dzs
Raghuveer Fashion,Premium chinon pair for partywear m to xxl size available #viral #trending #india #party #cotton,739,4,0,0.54,2025-08-25,https://www.youtube.com/watch?v=N0I0Q7H9vCY
R K COLLECTIONS,Fancy Gadi Silk Gold Zari Checks Design Sarees I Wholesale Shop I@Rkcollectionssarees,32272,447,0,1.39,2025-08-25,https://www.youtube.com/watch?v=7ipNFtoh0oM
Sunita boutique sikar ,शेखावाटी ड्रेस #shortmusic#marwadi#culture#trending#desi#fashion#india#subscribe,510,17,3,3.92,2025-08-26,https://www.youtube.com/watch?v=kJYbXQrW4iY
madhuli sarees,Mixap dress..#song #music #madhuli #arijitsingh #newsong #madhulisadi #trendingclothes,19543,385,2,1.98,2025-08-25,https://www.youtube.com/watch?v=HQDs3sCelto
Mode India,✨ Puja Mornings to Party Nights  Dress Right with MODE ,69086,479,1,0.69,2025-08-25,https://www.youtube.com/watch?v=6H6SorRJlVo
கவுஸ் ரெடிமேட் லால்பேட்டை,நம்ம லால்பேட்டையில் கம்மி விலையில் புர்கா ஷால் புதிய டிசைன்களில் RS.99+Ship #burqa #burqaonline #lpt,183,11,2,7.1,2025-08-25,https://www.youtube.com/watch?v=QsrRIEO-IRg
Shree Saraswati kapad bhandar,#textilesboutique #fashion #instagood #sahatextilesilchar #fashionstyle #love #cotton #lovefashion,687,42,0,6.11,2025-08-25,https://www.youtube.com/watch?v=Q43Qof3ZC5I
Arti Tutorial,Zudio new footwear collection ✨ Arti Negi #zudio #zudiohaul #shorts #shortsfeed #trending #yt,3827,0,0,0.0,2025-08-25,https://www.youtube.com/watch?v=_2y0r6zhwDQ
madhuli sarees,સુરત નુ નંબર 1 કલેક્શન ...,9993,0,1,0.01,2025-08-25,https://www.youtube.com/watch?v=Nu32jp3p7jE
Beauty and fashion in india,Buy latest festive collection/indo-western dresses/shrara dress haul/party wear dress haul/3pc dress,728,48,6,7.42,2025-08-25,https://www.youtube.com/watch?v=ymZ4Zvy7UzE
The Fab Factory,Premium printed 3 pc collection wholesale #shortsfeed #business #clothing #wholesale,966,0,0,0.0,2025-08-25,https://www.youtube.com/watch?v=EqrlWgEjkcI
Moh Ke Dhaage,Latest Fashion Drop | Chandni Chowk | Suits | Indo-Western | Cord Sets | Gowns,862,5,0,0.58,2025-08-25,https://www.youtube.com/watch?v=DWyBzYVi9n0
Keshav Madhav Fashion-Surat,करवाचौथ Spacial trending saree collection | jimmy chhoo saree latest collection | saree manufacturer,2051,0,1,0.05,2025-08-25,https://www.youtube.com/watch?v=_ErBj9vpaYI
RAJ MANI ,Real Bravery in Action: Metro Saved Above the River  | #HeroineInAction #ViralNow,1923,124,0,6.45,2025-08-26,https://www.youtube.com/watch?v=ne6dHOzsbJM
Kolkata Tv,"Rahul Gandhi | Parliament News | ৩ মিনিটে পার্লামেন্টে রাহুল গান্ধীর মাস্টার ক্লাস, না দেখলে মিস",31230,875,70,3.03,2025-08-25,https://www.youtube.com/watch?v=J2ywWbtXBFI
Kolkata Tv,আজকে (Aajke) | লকেট চট্টোপাধ্যায়ের জায়গাতে জগন্নাথ চট্টোপাধ্যায়?,35842,858,50,2.53,2025-08-25,https://www.youtube.com/watch?v=agfMa1_Grhc
Cotton Fashion2.o,Men's Outfit Color Combination For Day Life #mensstyle #fashion #oldmoney #fyp #outfit,18574,610,5,3.31,2025-08-25,https://www.youtube.com/watch?v=3VwKNBswv2g
Kolkata Tv,"Abhishek Banerjee | কলকাতা হাইকোর্টে অভিষেক বন্দ্যোপাধ্যায়, কেন? দেখুন বিরাট আপডেট",14701,154,4,1.07,2025-08-25,https://www.youtube.com/watch?v=zeIqru88wpI
Shea fashion emporium ,Bamboo silk is back | offer sale is ON | 9092955054 | SHEA FASHIONS #trending #saree #exclusivelook ,1785,64,4,3.81,2025-08-25,https://www.youtube.com/watch?v=i1Y95OVsNyQ
Kolkata Tv,Narendra Modi | BJP | দলবদলুরা কেন মোদির মঞ্চে? রিপোর্ট চাইল বিজেপি,5053,36,2,0.75,2025-08-25,https://www.youtube.com/watch?v=rtPZufwKQ7w
Ambani Fashion Jewellery Pvt Ltd ,Viral AD Jewellery Wholesaler #ytshorts #trending #shorts,642,6,1,1.09,2025-08-25,https://www.youtube.com/watch?v=28orN-4gjlk
Md Fayyaz,New Chinese girls street fashion #trending #tiktok #chinesefashion #douyin,1308,137,3,10.7,2025-08-25,https://www.youtube.com/watch?v=urjP9j-J3QM
Mother Sarees,@MotherSarees #youtubeshort #shortvideo #short #youtube #trending #fashion #dresses #cotton #shorts,278,2,1,1.08,2025-08-25,https://www.youtube.com/watch?v=sIfej7zM1BU
S.s nightys,500rs fs WhatsApp to order 9030902334#trending #fashion #saree #yputubeshorts #india#onlineshopping,1247,3,0,0.24,2025-08-25,https://www.youtube.com/watch?v=pJB0O3AqX8o
Kolkata Tv,Beyond Politics (বিয়ন্ড পলিটিক্স) | ভোটের মোড় ঘোরাবে আবার রাহুল গান্ধী-তেজস্বীর বিহার?,25885,454,15,1.81,2025-08-25,https://www.youtube.com/watch?v=_OTJS9St16Q
ESME Fashion ,premium quality antique earrings. #jimikicollection #shortvideo,1649,8,0,0.49,2025-08-25,https://www.youtube.com/watch?v=KMB6aUDKuuU
S.s nightys,500rs fs WhatsApp to order 9030902334#trending #fashion #saree #youtubeshorts #india,1020,5,0,0.49,2025-08-25,https://www.youtube.com/watch?v=5aP0BWuMdRg
Kolkata Tv,ঘোষাল নামা | Ghosal Nama | জানা যাবে কি নরেন্দ্র মোদির ডিগ্রি? কী বলল হাইকোর্ট? দেখুন ঘোষালনামা,7131,194,37,3.24,2025-08-25,https://www.youtube.com/watch?v=QQ9aoNivwhU
Thoda Extra Tadka,Aloo Rava Poori #recipe #puri #viral #viralvideo #shorts #explore #youtube #jugraafiya #best #tasty,698,19,3,3.15,2025-08-25,https://www.youtube.com/watch?v=s428Vwz3_wI
Chintan vlogs,170 Rs Jeans / Jeans For Sale Purpose / Cheapest Jeans in Market,3301,130,9,4.21,2025-08-25,https://www.youtube.com/watch?v=yG0OZbQFpGc
MIRAZ FASHION ,Trending t shirts for men | old money | #mensfashion #oldmoney #fashion  #oldmoneyaesthetic #gamtng,40,0,0,0.0,2025-08-25,https://www.youtube.com/watch?v=SSkLpBm5uhc
Kolkata Tv,চতুর্থ স্তম্ভ (Fourth Pillar) | অনিল আম্বানিকে জেলে ঢোকালে মোদি সরকার পড়ে যাবে?,40882,1398,79,3.61,2025-08-25,https://www.youtube.com/watch?v=jF6ZC9lOKEw
Astila Das,Unbelievable Meesho Fabric Finds ✨ #MeeshoHaul #BudgetFashion #ViralShorts#shortsfeed #affordable,2139,18,3,0.98,2025-08-25,https://www.youtube.com/watch?v=9j964ZzN1Bw
Thanvi Boutique,Mulberry Cotton Saree Collections | CODE: TB036 #thanviboutique #mulberrycottonsaree,4473,75,2,1.72,2025-08-25,https://www.youtube.com/watch?v=bYwKyeZVCMY
Parth Collection,Karva Chauth special trending Suits 9817239061  #tranding #viral #shorts #shortsfeed #subscribe,1652,19,3,1.33,2025-08-25,https://www.youtube.com/watch?v=I4wAvX6-_M0
mahimavlog,Tadapoge Tadpalo #shorts #viral #trending,1137,4,0,0.35,2025-08-25,https://www.youtube.com/watch?v=EFipGU_qLh4
The Honey Tales,Cry for me #cryforme #beach #youtubeshorts #trending #songs #shorts #ytshortsindia #love,1756,0,4,0.23,2025-08-25,https://www.youtube.com/watch?v=764XRiXeCrg
@unitygirl15,Husn pahado#travel #nature #mountains #love#shorts #viralshorts#song #trending #like #pahadi#views,4468,108,1,2.44,2025-08-25,https://www.youtube.com/watch?v=xyG-VSwWBJ8
DHRUBA drawing,nature painting ️#viralvideo #youtubeshorts #instagood #viral #love #art,609,7,2,1.48,2025-08-25,https://www.youtube.com/watch?v=K5jagGOR7_g
RadheKrishna Jewellers ,beautiful  gold bangles jewelery offer price  #goldaccessories #jewellery #bangles #price,3842,29,0,0.75,2025-08-25,https://www.youtube.com/watch?v=LdEXxSbGm3A
Puja Collection with Amaresh, পাশ্মিনা সিল্ক শাড়ির একদম নতুন কালেকশন Order now ☎️9674288322(All India delivery available),888,8,0,0.9,2025-08-25,https://www.youtube.com/watch?v=iUsVvyGHa70
Ekta The style makers,✨ Kashumaala with Ganesha Design ✨Divine elegance for your festive look ,226,1,0,0.44,2025-08-25,https://www.youtube.com/watch?v=co_41NKiOkc
Auto Prowl ,India's Only Aventador Sv Roadster Spotted In South Bombay ,14406,0,0,0.0,2025-08-25,https://www.youtube.com/watch?v=TKf_rMU-gj0
Musafir,khubsurat najara haridwar #nature #love #trending,484,2,0,0.41,2025-08-25,https://www.youtube.com/watch?v=-mLRf5X1wgI
Keshav Madhav Fashion,करवाचौथ spacial saree collection | Trending Siroski work saree collection | Saree wholesale market,2320,48,1,2.11,2025-08-25,https://www.youtube.com/watch?v=QEycYZ5tCbs
MR.&MRS.KHOKHER VLOGS ,Motte pet wale #video #dance #youtubeshorts #shortsfeed #youtubevideos #ytshorts #trending #youtube,1845,27,1,1.52,2025-08-25,https://www.youtube.com/watch?v=s6nu7KAMov4
RK DRESSES NAJAFGARH ,Order now 7827691050 #shorts #rkdresses #trending #engagement #order #trendingreels #short #viral,1813,42,4,2.54,2025-08-25,https://www.youtube.com/watch?v=01QtJc26xzc
